epoch,steps,cosine_pearson,cosine_spearman,euclidean_pearson,euclidean_spearman,manhattan_pearson,manhattan_spearman,dot_pearson,dot_spearman
0,-1,0.46006131790686056,0.48931979793654806,0.48720391796438695,0.48931979793654806,0.48745550552583994,0.49057983851855225,0.4600613012161144,0.48931979793654806
1,-1,0.4649872040960695,0.49243960995449104,0.4916445491788894,0.49243960995449104,0.4919669276490699,0.4934088719406481,0.46498724216277226,0.49243960995449104
2,-1,0.47403516053663003,0.4993031963939655,0.499801757661392,0.4993031963939655,0.500243429799563,0.5016960619222907,0.47403522034017354,0.4993031963939655
3,-1,0.48689157516110076,0.5107768351550993,0.5114017907074686,0.5107768351550993,0.5120058592191578,0.5149083143710936,0.4868915348747678,0.5107768351550993
